Workbook

Sheet Product Backlog
A1: RecyTrack · Product Backlog
A2: Ordenado por sprint y prioridad. Estado al 18 de octubre de 2026. Las columnas Prioridad, Puntos, Sprint y Estado son editables.
A4: ID | B4: Orden | C4: Épica | D4: Historia de usuario | E4: Criterios de aceptación | F4: Prioridad | G4: Puntos | H4: Sprint | I4: Estado | J4: Origen | K4: Observaciones
A5: PB-01 | B5: 1 | C5: E2 · Registro por QR | D5: Como colaborador, quiero indicar el material y la talla de la bolsa con una referencia visual, para que la app estime los kilos sin que yo pese nada. | E5: Si el contenedor es de un material, queda fijado. Tallas S, M, L y XL. Los kilos salen de la tabla y no se pueden escribir a mano. | F5: Must | G5: 3 | H5: S1 | I5: Hecho | J5: Informe 1.5, obj. 2
A6: PB-02 | B6: 2 | C6: E2 · Registro por QR | D6: Como colaborador, quiero escribir el código impreso bajo el QR cuando la cámara no lo lee, para no perder el registro. | E6: El código manual se valida igual que el escaneado. | F6: Must | G6: 1 | H6: S1 | I6: Hecho | J6: Informe 1.5, S2 | K6: Mitiga la poca luz junto a los contenedores.
A7: PB-03 | B7: 3 | C7: E2 · Registro por QR | D7: Como colaborador, quiero ver el historial de mis depósitos y el estado de cada uno, para saber si fueron validados. | E7: Cada depósito muestra estado y fecha de cada etapa. Se agrupa por mes. | F7: Must | G7: 3 | H7: S1 | I7: Hecho | J7: Informe 1.5, S2
A8: PB-04 | B8: 4 | C8: E1 · Incorporación y acceso | D8: Como colaborador, quiero entrar con mi cuenta de Google o de Microsoft, para no tener que recordar otra contraseña. | E8: Los botones funcionan en la versión web e instalada. La primera vez se crea la cuenta como colaborador. | F8: Should | G8: 3 | H8: S1 | I8: Hecho | J8: R8 | K8: Microsoft acepta cuentas personales y de Microsoft 365.
A9: PB-05 | B9: 5 | C9: E3 · Validación diaria | D9: Como colaborador, quiero recibir un aviso cuando mi depósito es validado, rechazado o certificado, para saber que mi aporte cuenta. | E9: El aviso aparece en la campana con contador de nuevos. | F9: Should | G9: 1 | H9: S1 | I9: Hecho | J9: Informe 1.5
A10: PB-06 | B10: 6 | C10: E1 · Incorporación y acceso | D10: Como equipo de desarrollo, quiero el modelo de planta, áreas y contenedores con punto limpio, con las reglas del administrador de planta, para que el panel guarde la configuración de forma segura. | E10: Existen las colecciones de planta y áreas. Solo el administrador de la planta escribe áreas, contenedores y asignaciones. Las pruebas de reglas pasan contra el emulador. | F10: Must | G10: 8 | H10: S2 | I10: Hecho | J10: Plan RecyTrack Viña | K10: Terminada en el S2 (PR #38, aprobado por Álvaro, y PR #39, aprobado por Vicente).
A11: PB-07 | B11: 7 | C11: E7 · Panel web del administrador | D11: Como administrador, quiero un panel de escritorio con menú lateral al entrar desde el computador, para gestionar el programa con comodidad. | E11: Al entrar con rol administrador en una pantalla ancha se muestra el panel. Vive en la misma app. | F11: Must | G11: 5 | H11: S2 | I11: Hecho | J11: Informe 1.5, obj. 7 | K11: Terminada en el S2 (PR #43, fusionado por el administrador sin aprobación de otro integrante).
A12: PB-08 | B12: 8 | C12: E1 · Incorporación y acceso | D12: Como administrador, quiero crear las áreas de la planta con su código de ingreso y su dotación, para medir la participación de cada una. | E12: Cada área tiene nombre, código único y dotación. El código no se repite entre áreas. | F12: Must | G12: 3 | H12: S2 | I12: Hecho | J12: Informe 1.5, obj. 1 | K12: Terminada en el S2 (PR #44, fusionado por el administrador sin aprobación de otro integrante).
A13: PB-09 | B13: 9 | C13: E2 · Registro por QR | D13: Como administrador, quiero crear contenedores indicando su punto limpio y material, e imprimir su QR, para instalarlos en la planta. | E13: Cada contenedor tiene código aleatorio, punto limpio y material (o mixto). El QR se imprime con el código visible debajo. | F13: Must | G13: 5 | H13: S2 | I13: Hecho | J13: Plan RecyTrack Viña | K13: Terminada en el S2 (PR #44, fusionado por el administrador sin aprobación de otro integrante).
A14: PB-10 | B14: 10 | C14: E7 · Panel web del administrador | D14: Como administrador, quiero ver la lista de colaboradores con su área y último depósito, y poder cambiarlos de área, para mantener los datos al día. | E14: Lista filtrable por área. Solo el administrador puede cambiar el área de una persona. | F14: Must | G14: 5 | H14: S2 | I14: Hecho | J14: Informe 1.5, obj. 7 | K14: Terminada en el S2 (PR #44, fusionado por el administrador sin aprobación de otro integrante).
A15: PB-11 | B15: 11 | C15: E3 · Validación diaria | D15: Como administrador, quiero asignar al validador y a su suplente desde el panel, para que la ronda no dependa de una sola persona. | E15: Se elige titular y suplente entre los colaboradores. El cambio se refleja en sus permisos. | F15: Must | G15: 3 | H15: S2 | I15: Hecho | J15: R3 | K15: Terminada en el S2 (PR #44, fusionado por el administrador sin aprobación de otro integrante). No se usan códigos para el validador.
A16: PB-12 | B16: 12 | C16: E2 · Registro por QR | D16: Como administrador, quiero cambiar el código de un contenedor si se filtra, para que no se registre desde otro lugar. | E16: El código anterior queda inactivo y el nuevo QR se puede imprimir. | F16: Should | G16: 2 | H16: S2 | I16: Hecho | J16: Informe 1.5 | K16: Terminada en el S2 (PR #44, fusionado por el administrador sin aprobación de otro integrante).
A17: PB-13 | B17: 13 | C17: E1 · Incorporación y acceso | D17: Como colaborador, quiero unirme a mi área con el código que me entrega el administrador, para que mis depósitos sumen a mi área. | E17: Un código inválido muestra un error claro. Un colaborador pertenece a una sola área. | F17: Must | G17: 5 | H17: S2 | I17: Hecho | J17: Informe 1.5, obj. 1 | K17: Terminada en el S2 (PR #42, fusionado por el administrador sin aprobación de otro integrante). Muestra el nombre del área antes de unirse.
A18: PB-14 | B18: 14 | C18: E1 · Incorporación y acceso | D18: Como colaborador, quiero crear mi cuenta sin elegir un rol, para que el registro sea más simple y nadie se asigne permisos. | E18: El registro no muestra selector de rol. Toda cuenta nueva nace como colaborador. | F18: Must | G18: 1 | H18: S2 | I18: Hecho | J18: Plan RecyTrack Viña | K18: Terminada en el S2 (PR #38, aprobado por Álvaro, y PR #42, fusionado por el administrador sin aprobación de otro integrante).
A19: PB-15 | B19: 15 | C19: E1 · Incorporación y acceso | D19: Como colaborador, quiero que mis depósitos se guarden sin mi nombre, para que mis compañeros solo vean los totales de mi área. | E19: El registro guarda el id del colaborador, la planta y el área, sin nombre. Solo el administrador puede leer los perfiles de su planta. | F19: Must | G19: 3 | H19: S2 | I19: Hecho | J19: Plan RecyTrack Viña | K19: Terminada en el S2 (PR #38, aprobado por Álvaro).
A20: PB-16 | B20: 16 | C20: E2 · Registro por QR | D20: Como colaborador, quiero escanear el QR del contenedor, para registrar mi depósito sin escribir nada. | E20: La cámara lee el QR en el navegador. El contenedor se valida contra la planta. El depósito queda pendiente. | F20: Must | G20: 5 | H20: S2 | I20: Hecho | J20: Informe 1.5, obj. 2 | K20: Terminada en el S2 (PR #39, aprobado por Vicente). El contenedor se valida contra la planta.
A21: PB-17 | B21: 17 | C21: E2 · Registro por QR | D21: Como equipo de desarrollo, quiero que cada depósito sume al área de quien lo registra y no al contenedor, para que los puntos limpios se compartan entre áreas. | E21: Un depósito en cualquier contenedor de la planta suma al área del colaborador. | F21: Must | G21: 3 | H21: S2 | I21: Hecho | J21: Plan RecyTrack Viña | K21: Terminada en el S2 (PR #38, aprobado por Álvaro).
... A41: PB-37 | B41: 37 | C41: E7 · Panel web del administrador | D41: Como administrador que entra desde el celular, quiero un mensaje que me pida abrir el panel en el computador, para no operar en una pantalla pequeña. | E41: En pantallas angostas se muestra el mensaje en lugar del panel. | F41: Could | G41: 1 | H41: S2 | I41: Hecho | J41: Plan RecyTrack Viña | K41: Terminada en el S2 (PR #43, fusionado por el administrador sin aprobación de otro integrante).
A42: PB-38 | B42: 38 | C42: E8 · Piloto y calidad | D42: Como equipo, quiero ejecutar el plan de pruebas y medir las métricas del piloto, para comprobar si se cumplieron los objetivos. | E42: Se mide lectura de QR, rondas completadas, tiempo de la cadena, participación por área y documentos emitidos. | F42: Must | G42: 5 | H42: S6 | I42: Pendiente | J42: Informe 1.5, obj. 8
A43: PB-39 | B43: 39 | C43: E8 · Piloto y calidad | D43: Como equipo, quiero corregir los errores que aparezcan en el piloto, para cerrar con un producto estable. | E43: Los errores reportados quedan registrados y se resuelven por prioridad. | F43: Must | G43: 5 | H43: S6 | I43: Pendiente | J43: Informe 1.5, S6
A44: PB-40 | B44: 40 | C44: E5 · Reportes y certificados | D44: Como administrador, quiero que la masa aparezca como verificada cuando el retiro tiene peso, para no presentar estimaciones como mediciones. | E44: Reporte y certificado distinguen kilos estimados y verificados. | F44: Should | G44: 3 | H44: S2 | I44: Hecho | J44: Plan RecyTrack Viña | K44: Terminada en el S2 (PR #46, fusionado por el administrador sin aprobación de otro integrante).
A45: PB-41 | B45: 41 | C45: E1 · Incorporación y acceso | D45: Como colaborador, quiero que toda la app use el nombre RecyTrack y el vocabulario de la planta, para reconocerla como el programa de mi lugar de trabajo. | E45: El nombre RecyTrack aparece en la app, el ícono instalable y los PDF. Todos los textos hablan de colaboradores, áreas y puntos limpios. | F45: Should | G45: 3 | H45: S2 | I45: Hecho | J45: R1, R7 | K45: Terminada en el S2 (PR #42, fusionado por el administrador sin aprobación de otro integrante).
A46: PB-42 | B46: 42 | C46: E1 · Incorporación y acceso | D46: Como colaborador, quiero ver mi área en Mi cuenta sin poder cambiarla yo, para que nadie suba la participación cambiándose. | E46: Mi cuenta muestra el área sin opción de editarla. Las reglas rechazan que un colaborador cambie su propia área. | F46: Should | G46: 2 | H46: S2 | I46: Hecho | J46: Plan RecyTrack Viña | K46: Terminada en el S2 (PR #38, aprobado por Álvaro; PR #39, aprobado por Vicente; y PR #42, fusionado por el administrador sin aprobación de otro integrante).
A47: PB-43 | B47: 43 | C47: E2 · Registro por QR | D47: Como colaborador del turno de noche, quiero saber que mi depósito se valida en la ronda del día siguiente, para no pensar que se perdió. | E47: Al registrar fuera del horario de ronda se muestra un aviso breve. | F47: Could | G47: 1 | H47: S6 | I47: Pendiente | J47: Plan RecyTrack Viña | K47: Estaba en el issue #30, pero no se implementó.
A48: PB-44 | B48: 44 | C48: E8 · Piloto y calidad | D48: Como administrador de la viña, quiero una dirección web con el nombre RecyTrack, para compartirla con los colaboradores. | E48: La app responde en un sitio de hosting con el nombre RecyTrack. | F48: Could | G48: 1 | H48: S6 | I48: Pendiente | J48: Plan RecyTrack Viña | K48: Decisión abierta (P10).
A49: PB-45 | B49: 45 | C49: E5 · Reportes y certificados | D49: Como administrador, quiero exportar los datos del mes en CSV, para trabajarlos en una planilla. | E49: El archivo trae un depósito por fila, sin nombres. | F49: Could | G49: 3 | H49: Después del piloto | I49: Pendiente | J49: Lienzo del panel
A50: PB-46 | B50: 46 | C50: E6 · Campañas y ranking por área | D50: Como administrador, quiero tener varias campañas a la vez, por turno y con historial. | E50: Fuera de la primera versión. | F50: Won't | G50: 8 | H50: Después del piloto | I50: Pendiente | J50: Lienzo del panel | K50: Se retoma si la viña lo pide.
A51: PB-47 | B51: 47 | C51: E7 · Panel web del administrador | D51: Como administrador, quiero configurar factores de estimación, topes anti-fraude, privacidad y consentimiento. | E51: Fuera de la primera versión. | F51: Won't | G51: 13 | H51: Después del piloto | I51: Pendiente | J51: Lienzo del panel

Sheet Épicas
A1: Épicas
A2: Cada épica responde a un objetivo específico del informe de la Fase 1. Los totales se calculan desde el Product Backlog.
A4: Épica | B4: Nombre | C4: Objetivo específico | D4: Sprint principal | E4: Historias | F4: Puntos | G4: Puntos hechos | H4: Avance
A5: E1 | B5: Incorporación y acceso | C5: 1. Incorporación de colaboradores y vinculación a un área | D5: S1 | E5: =COUNTIF('Product Backlog'!$C$5:$C$81,"E1 · Incorporación y acceso") -> 8 | F5: =SUMIF('Product Backlog'!$C$5:$C$81,"E1 · Incorporación y acceso",'Product Backlog'!$G$5:$G$81) -> 28 | G5: =SUMIFS('Product Backlog'!$G$5:$G$81,'Product Backlog'!$C$5:$C$81,"E1 · Incorporación y acceso",'Product Backlog'!$I$5:$I$81,"Hecho") -> 3 | H5: =IF(F5=0,0,G5/F5) -> 0.10714286
A6: E2 | B6: Registro por QR | C6: 2. Registro de reciclaje por QR | D6: S2 | E6: =COUNTIF('Product Backlog'!$C$5:$C$81,"E2 · Registro por QR") -> 8 | F6: =SUMIF('Product Backlog'!$C$5:$C$81,"E2 · Registro por QR",'Product Backlog'!$G$5:$G$81) -> 23 | G6: =SUMIFS('Product Backlog'!$G$5:$G$81,'Product Backlog'!$C$5:$C$81,"E2 · Registro por QR",'Product Backlog'!$I$5:$I$81,"Hecho") -> 7 | H6: =IF(F6=0,0,G6/F6) -> 0.30434783
A7: E3 | B7: Validación diaria | C7: 3. Ronda diaria de validación | D7: S3 | E7: =COUNTIF('Product Backlog'!$C$5:$C$81,"E3 · Validación diaria") -> 7 | F7: =SUMIF('Product Backlog'!$C$5:$C$81,"E3 · Validación diaria",'Product Backlog'!$G$5:$G$81) -> 22 | G7: =SUMIFS('Product Backlog'!$G$5:$G$81,'Product Backlog'!$C$5:$C$81,"E3 · Validación diaria",'Product Backlog'!$I$5:$I$81,"Hecho") -> 1 | H7: =IF(F7=0,0,G7/F7) -> 0.045454545
A8: E4 | B8: Registro de retiros | C8: 4. Registro de retiros desde el panel | D8: S4 | E8: =COUNTIF('Product Backlog'!$C$5:$C$81,"E4 · Registro de retiros") -> 4 | F8: =SUMIF('Product Backlog'!$C$5:$C$81,"E4 · Registro de retiros",'Product Backlog'!$G$5:$G$81) -> 15 | G8: =SUMIFS('Product Backlog'!$G$5:$G$81,'Product Backlog'!$C$5:$C$81,"E4 · Registro de retiros",'Product Backlog'!$I$5:$I$81,"Hecho") -> 0 | H8: =IF(F8=0,0,G8/F8) -> 0
A9: E5 | B9: Reportes y certificados | C9: 5. Reporte y certificado mensual automáticos | D9: S4 | E9: =COUNTIF('Product Backlog'!$C$5:$C$81,"E5 · Reportes y certificados") -> 4 | F9: =SUMIF('Product Backlog'!$C$5:$C$81,"E5 · Reportes y certificados",'Product Backlog'!$G$5:$G$81) -> 14 | G9: =SUMIFS('Product Backlog'!$G$5:$G$81,'Product Backlog'!$C$5:$C$81,"E5 · Reportes y certificados",'Product Backlog'!$I$5:$I$81,"Hecho") -> 0 | H9: =IF(F9=0,0,G9/F9) -> 0
A10: E6 | B10: Campañas y ranking por área | C10: 6. Campañas colectivas por área | D10: S5 | E10: =COUNTIF('Product Backlog'!$C$5:$C$81,"E6 · Campañas y ranking por área") -> 5 | F10: =SUMIF('Product Backlog'!$C$5:$C$81,"E6 · Campañas y ranking por área",'Product Backlog'!$G$5:$G$81) -> 22 | G10: =SUMIFS('Product Backlog'!$G$5:$G$81,'Product Backlog'!$C$5:$C$81,"E6 · Campañas y ranking por área",'Product Backlog'!$I$5:$I$81,"Hecho") -> 0 | H10: =IF(F10=0,0,G10/F10) -> 0
A11: E7 | B11: Panel web del administrador | C11: 7. Panel web del administrador | D11: S5 | E11: =COUNTIF('Product Backlog'!$C$5:$C$81,"E7 · Panel web del administrador") -> 6 | F11: =SUMIF('Product Backlog'!$C$5:$C$81,"E7 · Panel web del administrador",'Product Backlog'!$G$5:$G$81) -> 34 | G11: =SUMIFS('Product Backlog'!$G$5:$G$81,'Product Backlog'!$C$5:$C$81,"E7 · Panel web del administrador",'Product Backlog'!$I$5:$I$81,"Hecho") -> 0 | H11: =IF(F11=0,0,G11/F11) -> 0
A12: E8 | B12: Piloto y calidad | C12: 8. Piloto de cuatro semanas | D12: S4 a S6 | E12: =COUNTIF('Product Backlog'!$C$5:$C$81,"E8 · Piloto y calidad") -> 5 | F12: =SUMIF('Product Backlog'!$C$5:$C$81,"E8 · Piloto y calidad",'Product Backlog'!$G$5:$G$81) -> 16 | G12: =SUMIFS('Product Backlog'!$G$5:$G$81,'Product Backlog'!$C$5:$C$81,"E8 · Piloto y calidad",'Product Backlog'!$I$5:$I$81,"Hecho") -> 0 | H12: =IF(F12=0,0,G12/F12) -> 0
A13: Total | E13: =SUM(E5:E12) -> 47 | F13: =SUM(F5:F12) -> 174 | G13: =SUM(G5:G12) -> 11 | H13: =IF(F13=0,0,G13/F13) -> 0.063218391

Sheet Resumen por sprint
A1: Resumen por sprint
A2: Puntos comprometidos por sprint según el backlog. Semanas según la carta Gantt del informe de la Fase 1.
A4: Sprint | B4: Semanas | C4: Objetivo del sprint | D4: Historias | E4: Puntos | F4: Must (puntos) | G4: Por ajustar (historias)
A5: S1 | B5: 5 y 6 | C5: Arquitectura base, autenticación, roles y primeras versiones del registro por QR, la validación y los documentos | D5: =COUNTIF('Product Backlog'!$H$5:$H$81,A5) -> 5 | E5: =SUMIF('Product Backlog'!$H$5:$H$81,A5,'Product Backlog'!$G$5:$G$81) -> 11 | F5: =SUMIFS('Product Backlog'!$G$5:$G$81,'Product Backlog'!$H$5:$H$81,A5,'Product Backlog'!$F$5:$F$81,"Must") -> 7 | G5: =COUNTIFS('Product Backlog'!$H$5:$H$81,A5,'Product Backlog'!$I$5:$I$81,"Por ajustar") -> 0
A6: S2 | B6: 7 y 8 | C6: Configurar la planta desde el panel web: áreas, contenedores y QR, personas y validador | D6: =COUNTIF('Product Backlog'!$H$5:$H$81,A6) -> 7 | E6: =SUMIF('Product Backlog'!$H$5:$H$81,A6,'Product Backlog'!$G$5:$G$81) -> 31 | F6: =SUMIFS('Product Backlog'!$G$5:$G$81,'Product Backlog'!$H$5:$H$81,A6,'Product Backlog'!$F$5:$F$81,"Must") -> 29 | G6: =COUNTIFS('Product Backlog'!$H$5:$H$81,A6,'Product Backlog'!$I$5:$I$81,"Por ajustar") -> 0
A7: S3 | B7: 9 y 10 | C7: Colaborador y validador sobre el modelo de áreas | D7: =COUNTIF('Product Backlog'!$H$5:$H$81,A7) -> 9 | E7: =SUMIF('Product Backlog'!$H$5:$H$81,A7,'Product Backlog'!$G$5:$G$81) -> 33 | F7: =SUMIFS('Product Backlog'!$G$5:$G$81,'Product Backlog'!$H$5:$H$81,A7,'Product Backlog'!$F$5:$F$81,"Must") -> 33 | G7: =COUNTIFS('Product Backlog'!$H$5:$H$81,A7,'Product Backlog'!$I$5:$I$81,"Por ajustar") -> 5
A8: S4 | B8: 11 y 12 | C8: Retiros, reportes, certificados y preparación del piloto | D8: =COUNTIF('Product Backlog'!$H$5:$H$81,A8) -> 9 | E8: =SUMIF('Product Backlog'!$H$5:$H$81,A8,'Product Backlog'!$G$5:$G$81) -> 30 | F8: =SUMIFS('Product Backlog'!$G$5:$G$81,'Product Backlog'!$H$5:$H$81,A8,'Product Backlog'!$F$5:$F$81,"Must") -> 23 | G8: =COUNTIFS('Product Backlog'!$H$5:$H$81,A8,'Product Backlog'!$I$5:$I$81,"Por ajustar") -> 3
A9: S5 | B9: 13 y 14 | C9: Panel web, campañas y ranking por área | D9: =COUNTIF('Product Backlog'!$H$5:$H$81,A9) -> 7 | E9: =SUMIF('Product Backlog'!$H$5:$H$81,A9,'Product Backlog'!$G$5:$G$81) -> 25 | F9: =SUMIFS('Product Backlog'!$G$5:$G$81,'Product Backlog'!$H$5:$H$81,A9,'Product Backlog'!$F$5:$F$81,"Must") -> 15 | G9: =COUNTIFS('Product Backlog'!$H$5:$H$81,A9,'Product Backlog'!$I$5:$I$81,"Por ajustar") -> 2
A10: S6 | B10: 15 a 17 | C10: Pruebas, métricas del piloto, correcciones y terminaciones | D10: =COUNTIF('Product Backlog'!$H$5:$H$81,A10) -> 7 | E10: =SUMIF('Product Backlog'!$H$5:$H$81,A10,'Product Backlog'!$G$5:$G$81) -> 20 | F10: =SUMIFS('Product Backlog'!$G$5:$G$81,'Product Backlog'!$H$5:$H$81,A10,'Product Backlog'!$F$5:$F$81,"Must") -> 10 | G10: =COUNTIFS('Product Backlog'!$H$5:$H$81,A10,'Product Backlog'!$I$5:$I$81,"Por ajustar") -> 1
A11: Después del piloto | B11: — | C11: Funciones del lienzo que quedan fuera de la primera versión | D11: =COUNTIF('Product Backlog'!$H$5:$H$81,A11) -> 3 | E11: =SUMIF('Product Backlog'!$H$5:$H$81,A11,'Product Backlog'!$G$5:$G$81) -> 24 | F11: =SUMIFS('Product Backlog'!$G$5:$G$81,'Product Backlog'!$H$5:$H$81,A11,'Product Backlog'!$F$5:$F$81,"Must") -> 0 | G11: =COUNTIFS('Product Backlog'!$H$5:$H$81,A11,'Product Backlog'!$I$5:$I$81,"Por ajustar") -> 0
A12: Total | D12: =SUM(D5:D11) -> 47 | E12: =SUM(E5:E11) -> 174 | F12: =SUM(F5:F11) -> 117 | G12: =SUM(G5:G11) -> 11
A14: La velocidad real de cada sprint se registra en el Sprint Backlog, una vez cerrado el sprint.

Sheet Leyenda
A1: Cómo leer y mantener el backlog
A4: Formato de las historias | B4: Como <usuario>, quiero <acción>, para <beneficio>. Las historias técnicas usan "Como equipo de desarrollo".
A5: Prioridad (MoSCoW) | B5: Must: sin esto no hay piloto. Should: importante, pero el piloto puede partir sin ello. Could: deseable si sobra capacidad. Won't: fuera de esta versión, queda registrado.
A6: Puntos | B6: Estimación relativa de esfuerzo en escala de Fibonacci (1, 2, 3, 5, 8, 13). Es una estimación inicial: se ajusta en la planificación de cada sprint.
A7: Sprint | B7: S1 a S6: sprint en que se terminó o en que se compromete la historia. Después del piloto: fuera de la primera versión.
A8: Estado | B8: Hecho: terminado según la definición de terminado. En curso: comprometido en el sprint actual. Por ajustar: existe una primera versión y falta ajustarla al modelo de áreas. Pendiente: no se ha comenzado.
A9: Origen | B9: De dónde sale la historia: informe de la Fase 1 (objetivo o sprint), Plan RecyTrack Viña, lienzo del panel o un requerimiento registrado (R1 a R8).
A10: Celdas editables | B10: Prioridad, Puntos, Sprint y Estado (texto azul, con lista desplegable). Las hojas Épicas y Resumen por sprint se recalculan solas.
A11: Nuevas historias | B11: Se agregan al final de la tabla con el siguiente ID y luego se reordena la columna Orden.
